ID,Name,Slug,Parent,Description,Count,"Thumbnail URL"
15,Uncategorized,uncategorized,0,,0,
368,1903,championship-rings-1903,81,"Each yearly set includes the superbowl, world sseries, nba finals &amp; stanley cup from that year",1,
367,1904,championship-rings-1904,81,"Each yearly set includes the superbowl, world sseries, nba finals &amp; stanley cup from that year",0,
330,1906,championship-rings-1906,81,"Each yearly set includes the superbowl, world sseries, nba finals &amp; stanley cup from that year",1,
331,1907,championship-rings-1907,81,"Each yearly set includes the superbowl, world sseries, nba finals &amp; stanley cup from that year",1,
332,1908,championship-rings-1908,81,"Each yearly set includes the superbowl, world sseries, nba finals &amp; stanley cup from that year",1,
333,1909,championship-rings-1909,81,"Each yearly set includes the superbowl, world sseries, nba finals &amp; stanley cup from that year",1,
334,1910,championship-rings-1910,81,"Each yearly set includes the superbowl, world sseries, nba finals &amp; stanley cup from that year",1,
335,1911,championship-rings-1911,81,"Each yearly set includes the superbowl, world sseries, nba finals &amp; stanley cup from that year",1,
336,1912,championship-rings-1912,81,"Each yearly set includes the superbowl, world sseries, nba finals &amp; stanley cup from that year",1,
337,1913,championship-rings-1913,81,"Each yearly set includes the superbowl, world sseries, nba finals &amp; stanley cup from that year",1,
338,1914,championship-rings-1914,81,"Each yearly set includes the superbowl, world sseries, nba finals &amp; stanley cup from that year",1,
339,1915,championship-rings-1915,81,"Each yearly set includes the superbowl, world sseries, nba finals &amp; stanley cup from that year",1,
340,1916,championship-rings-1916,81,"Each yearly set includes the superbowl, world sseries, nba finals &amp; stanley cup from that year",1,
341,1917,championship-rings-1917,81,"Each yearly set includes the superbowl, world sseries, nba finals &amp; stanley cup from that year",1,
342,1918,championship-rings-1918,81,"Each yearly set includes the superbowl, world sseries, nba finals &amp; stanley cup from that year",1,
343,1919,championship-rings-1919,81,"Each yearly set includes the superbowl, world sseries, nba finals &amp; stanley cup from that year",1,
344,1920,championship-rings-1920,81,"Each yearly set includes the superbowl, world sseries, nba finals &amp; stanley cup from that year",1,
345,1921,championship-rings-1920-champions-by-year,81,"Each yearly set includes the superbowl, world sseries, nba finals &amp; stanley cup from that year",1,
346,1922,championship-rings-1922,81,"Each yearly set includes the superbowl, world sseries, nba finals &amp; stanley cup from that year",1,
311,1923,championship-rings-1923,81,"Each yearly set includes the superbowl, world sseries, nba finals &amp; stanley cup from that year",1,
347,1924,championship-rings-1924,81,"Each yearly set includes the superbowl, world sseries, nba finals &amp; stanley cup from that year",1,
348,1925,championship-rings-1925,81,"Each yearly set includes the superbowl, world sseries, nba finals &amp; stanley cup from that year",1,
349,1926,championship-rings-1926,81,"Each yearly set includes the superbowl, world sseries, nba finals &amp; stanley cup from that year",1,
312,1927,championship-rings-1927,81,"Each yearly set includes the superbowl, world sseries, nba finals &amp; stanley cup from that year",2,
313,1928,championship-rings-1928,81,"Each yearly set includes the superbowl, world sseries, nba finals &amp; stanley cup from that year",2,
350,1929,championship-rings-1929,81,"Each yearly set includes the superbowl, world sseries, nba finals &amp; stanley cup from that year",2,
351,1930,championship-rings-1930,81,"Each yearly set includes the superbowl, world sseries, nba finals &amp; stanley cup from that year",2,
352,1931,championship-rings-1931,81,"Each yearly set includes the superbowl, world sseries, nba finals &amp; stanley cup from that year",2,
314,1932,championship-rings-1932,81,"Each yearly set includes the superbowl, world sseries, nba finals &amp; stanley cup from that year",2,
353,1933,championship-rings-1933,81,"Each yearly set includes the superbowl, world sseries, nba finals &amp; stanley cup from that year",2,
354,1934,championship-rings-1934,81,"Each yearly set includes the superbowl, world sseries, nba finals &amp; stanley cup from that year",1,
355,1935,championship-rings-1935,81,"Each yearly set includes the superbowl, world sseries, nba finals &amp; stanley cup from that year",2,
315,1936,championship-rings-1936,81,"Each yearly set includes the superbowl, world sseries, nba finals &amp; stanley cup from that year",3,
316,1937,championship-rings-1937,81,"Each yearly set includes the superbowl, world sseries, nba finals &amp; stanley cup from that year",2,
317,1938,championship-rings-1938,81,"Each yearly set includes the superbowl, world sseries, nba finals &amp; stanley cup from that year",1,
318,1939,championship-rings-1939,81,"Each yearly set includes the superbowl, world sseries, nba finals &amp; stanley cup from that year",3,
356,1940,championship-rings-1940,81,"Each yearly set includes the superbowl, world sseries, nba finals &amp; stanley cup from that year",2,
319,1941,championship-rings-1941,81,"Each yearly set includes the superbowl, world sseries, nba finals &amp; stanley cup from that year",2,
357,1942,championship-rings-1942,81,"Each yearly set includes the superbowl, world sseries, nba finals &amp; stanley cup from that year",2,
320,1943,championship-rings-1947,81,"Each yearly set includes the superbowl, world sseries, nba finals &amp; stanley cup from that year",2,
358,1944,championship-rings-1944,81,"Each yearly set includes the superbowl, world sseries, nba finals &amp; stanley cup from that year",2,
359,1945,championship-rings-1945,81,"Each yearly set includes the superbowl, world sseries, nba finals &amp; stanley cup from that year",2,
360,1946,championship-rings-1946,81,"Each yearly set includes the superbowl, world sseries, nba finals &amp; stanley cup from that year",2,
321,1947,championship-rings-1947-champions-by-year,81,"Each yearly set includes the superbowl, world sseries, nba finals &amp; stanley cup from that year",2,
361,1948,championship-rings-1948,81,"Each yearly set includes the superbowl, world sseries, nba finals &amp; stanley cup from that year",2,
322,1949,championship-rings-1949,81,"Each yearly set includes the superbowl, world sseries, nba finals &amp; stanley cup from that year",3,
323,1950,championship-rings-1950,81,"Each yearly set includes the superbowl, world sseries, nba finals &amp; stanley cup from that year",3,
324,1951,championship-rings-1951,81,"Each yearly set includes the superbowl, world sseries, nba finals &amp; stanley cup from that year",3,
325,1952,championship-rings-1952,81,"Each yearly set includes the superbowl, world sseries, nba finals &amp; stanley cup from that year",3,
326,1953,championship-rings-1953,81,"Each yearly set includes the superbowl, world sseries, nba finals &amp; stanley cup from that year",3,
362,1954,championship-rings-1954,81,"Each yearly set includes the superbowl, world sseries, nba finals &amp; stanley cup from that year",3,
363,1955,championship-rings-1955,81,"Each yearly set includes the superbowl, world sseries, nba finals &amp; stanley cup from that year",3,
327,1956,championship-rings-1956,81,"Each yearly set includes the superbowl, world sseries, nba finals &amp; stanley cup from that year",3,
364,1957,championship-rings-1957,81,"Each yearly set includes the superbowl, world sseries, nba finals &amp; stanley cup from that year",3,
328,1958,championship-rings-1958,81,"Each yearly set includes the superbowl, world sseries, nba finals &amp; stanley cup from that year",3,
365,1959,championship-rings-1959,81,"Each yearly set includes the superbowl, world sseries, nba finals &amp; stanley cup from that year",3,
293,1960,championship-rings-1960,81,"Each yearly set includes the superbowl, world sseries, nba finals &amp; stanley cup from that year",3,
292,1961,championship-rings-1961,81,"Each yearly set includes the superbowl, world sseries, nba finals &amp; stanley cup from that year",3,
291,1962,championship-rings-1962,81,"Each yearly set includes the superbowl, world sseries, nba finals &amp; stanley cup from that year",3,
290,1963,championship-rings-1963,81,"Each yearly set includes the superbowl, world sseries, nba finals &amp; stanley cup from that year",3,
289,1964,championship-rings-1964,81,"Each yearly set includes the superbowl, world sseries, nba finals &amp; stanley cup from that year",3,
288,1965,championship-rings-1965,81,"Each yearly set includes the superbowl, world sseries, nba finals &amp; stanley cup from that year",3,
287,1966,championship-rings-1966,81,"Each yearly set includes the superbowl, world sseries, nba finals &amp; stanley cup from that year",3,
286,1967,championship-rings-1967,81,"Each yearly set includes the superbowl, world sseries, nba finals &amp; stanley cup from that year",4,
285,1968,championship-rings-1968,81,"Each yearly set includes the superbowl, world sseries, nba finals &amp; stanley cup from that year",5,
284,1969,championship-rings-1969,81,"Each yearly set includes the superbowl, world sseries, nba finals &amp; stanley cup from that year",4,
283,1970,championship-rings-1970,81,"Each yearly set includes the superbowl, world sseries, nba finals &amp; stanley cup from that year",4,
282,1971,championship-rings-1971,81,"Each yearly set includes the superbowl, world sseries, nba finals &amp; stanley cup from that year",4,
281,1972,championship-rings-1972,81,"Each yearly set includes the superbowl, world sseries, nba finals &amp; stanley cup from that year",4,
280,1973,championship-rings-1973,81,"Each yearly set includes the superbowl, world sseries, nba finals &amp; stanley cup from that year",4,
279,1974,championship-rings-1974,81,"Each yearly set includes the superbowl, world sseries, nba finals &amp; stanley cup from that year",4,
278,1975,championship-rings-1975,81,"Each yearly set includes the superbowl, world sseries, nba finals &amp; stanley cup from that year",4,
277,1976,championship-rings-1976,81,"Each yearly set includes the superbowl, world sseries, nba finals &amp; stanley cup from that year",4,
276,1977,championship-rings-1977,81,"Each yearly set includes the superbowl, world sseries, nba finals &amp; stanley cup from that year",4,
275,1978,championship-rings-1978,81,"Each yearly set includes the superbowl, world sseries, nba finals &amp; stanley cup from that year",4,
274,1979,championship-rings-1979,81,"Each yearly set includes the superbowl, world sseries, nba finals &amp; stanley cup from that year",4,
165,1980,championship-rings-1980,81,"Each yearly set includes the superbowl, world sseries, nba finals &amp; stanley cup from that year",4,
166,1981,championship-rings-1981,81,"Each yearly set includes the superbowl, world sseries, nba finals &amp; stanley cup from that year",4,
187,1982,champions-rings-1982,81,"Collect a set of 4 from the big 4.

Pick your year and recieve the champions ring, 1 each from the NFL, NBA, MLB &amp; NHL",4,
188,1983,championship-rings-1983,81,"Collect a set of 4 from the big 4.

Pick your year and recieve the champions ring, 1 each from the NFL, NBA, MLB &amp; NHL",4,
189,1984,championship-rings-1984,81,"Collect a set of 4 from the big 4.

Pick your year and recieve the champions ring, 1 each from the NFL, NBA, MLB &amp; NHL",4,
190,1985,championship-rings-1985,81,"Collect a set of 4 from the big 4.

Pick your year and recieve the champions ring, 1 each from the NFL, NBA, MLB &amp; NHL",4,
191,1986,championship-rings-1986,81,"Collect a set of 4 from the big 4.

Pick your year and recieve the champions ring, 1 each from the NFL, NBA, MLB &amp; NHL",4,
192,1987,championship-rings-1987,81,"Collect a set of 4 from the big 4.

Pick your year and recieve the champions ring, 1 each from the NFL, NBA, MLB &amp; NHL",4,
193,1988,championship-rings-1988,81,"Collect a set of 4 from the big 4.

Pick your year and recieve the champions ring, 1 each from the NFL, NBA, MLB &amp; NHL",4,
194,1989,championship-rings-1989,81,"Collect a set of 4 from the big 4.

Pick your year and recieve the champions ring, 1 each from the NFL, NBA, MLB &amp; NHL",4,
195,1990,championship-rings-1990,81,"Collect a set of 4 from the big 4.

Pick your year and recieve the champions ring, 1 each from the NFL, NBA, MLB &amp; NHL",4,
196,1991,championship-rings-1991,81,"Collect a set of 4 from the big 4.

Pick your year and recieve the champions ring, 1 each from the NFL, NBA, MLB &amp; NHL",4,
197,1992,championship-rings-1992,81,"Collect a set of 4 from the big 4.

Pick your year and recieve the champions ring, 1 each from the NFL, NBA, MLB &amp; NHL",4,
198,1993,championship-rings-1993,81,"Collect a set of 4 from the big 4.

Pick your year and recieve the champions ring, 1 each from the NFL, NBA, MLB &amp; NHL",4,
199,1994,championship-rings-1994,81,"Collect a set of 4 from the big 4.

Pick your year and recieve the champions ring, 1 each from the NFL, NBA, MLB &amp; NHL",3,
200,1995,championship-rings-1995,81,"Collect a set of 4 from the big 4.

Pick your year and recieve the champions ring, 1 each from the NFL, NBA, MLB &amp; NHL",4,
201,1996,championship-rings-1996,81,"Collect a set of 4 from the big 4.

Pick your year and recieve the champions ring, 1 each from the NFL, NBA, MLB &amp; NHL",4,
202,1997,championship-rings-1997,81,"Collect a set of 4 from the big 4.

Pick your year and recieve the champions ring, 1 each from the NFL, NBA, MLB &amp; NHL",4,
203,1998,championship-rings-1998,81,"Collect a set of 4 from the big 4.

Pick your year and recieve the champions ring, 1 each from the NFL, NBA, MLB &amp; NHL",4,
204,1999,championship-rings-1999,81,"Collect a set of 4 from the big 4.

Pick your year and recieve the champions ring, 1 each from the NFL, NBA, MLB &amp; NHL",4,
205,2000,championship-rings-2000,81,"Collect a set of 4 from the big 4.

Pick your year and recieve the champions ring, 1 each from the NFL, NBA, MLB &amp; NHL",4,
206,2001,championship-rings-2001,81,"Collect a set of 4 from the big 4.

Pick your year and recieve the champions ring, 1 each from the NFL, NBA, MLB &amp; NHL",4,
207,2002,championship-rings-2002,81,"Collect a set of 4 from the big 4.

Pick your year and recieve the champions ring, 1 each from the NFL, NBA, MLB &amp; NHL",4,
208,2003,championship-rings-2003,81,"Collect a set of 4 from the big 4.

Pick your year and recieve the champions ring, 1 each from the NFL, NBA, MLB &amp; NHL",4,
209,2004,championship-rings-2004,81,"Collect a set of 4 from the big 4.

Pick your year and recieve the champions ring, 1 each from the NFL, NBA, MLB &amp; NHL",5,
210,2005,championship-rings-2005,81,"Collect a set of 4 from the big 4.

Pick your year and recieve the champions ring, 1 each from the NFL, NBA, MLB &amp; NHL",3,
211,2006,championship-rings-2006,81,"Collect a set of 4 from the big 4.

Pick your year and recieve the champions ring, 1 each from the NFL, NBA, MLB &amp; NHL",4,
212,2007,championship-rings-2007,81,"Collect a set of 4 from the big 4.

Pick your year and recieve the champions ring, 1 each from the NFL, NBA, MLB &amp; NHL",5,
213,2008,championship-rings-2008,81,"Collect a set of 4 from the big 4.

Pick your year and recieve the champions ring, 1 each from the NFL, NBA, MLB &amp; NHL",4,
214,2009,championship-rings-2009,81,"Collect a set of 4 from the big 4.

Pick your year and recieve the champions ring, 1 each from the NFL, NBA, MLB &amp; NHL",5,
215,2010,championship-rings-2010,81,"Collect a set of 4 from the big 4.

Pick your year and recieve the champions ring, 1 each from the NFL, NBA, MLB &amp; NHL",4,
216,2011,championship-rings-2011,81,"Collect a set of 4 from the big 4.

Pick your year and recieve the champions ring, 1 each from the NFL, NBA, MLB &amp; NHL",4,
217,2012,championship-rings-2012,81,"Collect a set of 4 from the big 4.

Pick your year and recieve the champions ring, 1 each from the NFL, NBA, MLB &amp; NHL",4,
218,2013,championship-rings-2013,81,"Collect a set of 4 from the big 4.

Pick your year and recieve the champions ring, 1 each from the NFL, NBA, MLB &amp; NHL",5,
219,2014,championship-rings-2015,81,"Collect a set of 4 from the big 4.

Pick your year and recieve the champions ring, 1 each from the NFL, NBA, MLB &amp; NHL",4,
220,2015,championship-rings-2015-champions-by-year,81,"Collect a set of 4 from the big 4.

Pick your year and recieve the champions ring, 1 each from the NFL, NBA, MLB &amp; NHL",4,
221,2016,championship-rings-2016,81,"Collect a set of 4 from the big 4.

Pick your year and recieve the champions ring, 1 each from the NFL, NBA, MLB &amp; NHL",7,
222,2017,championship-rings-2017,81,"Collect a set of 4 from the big 4.

Pick your year and recieve the champions ring, 1 each from the NFL, NBA, MLB &amp; NHL",4,
223,2018,championship-rings-2018,81,"Collect a set of 4 from the big 4.

Pick your year and recieve the champions ring, 1 each from the NFL, NBA, MLB &amp; NHL",4,
224,2019,championship-rings-2019,81,"Collect a set of 4 from the big 4.

Pick your year and recieve the champions ring, 1 each from the NFL, NBA, MLB &amp; NHL",4,
225,2020,championship-rings-2020,81,"Collect a set of 4 from the big 4.

Pick your year and recieve the champions ring, 1 each from the NFL, NBA, MLB &amp; NHL",4,
226,2021,championship-rings-2021,81,"Collect a set of 4 from the big 4.

Pick your year and recieve the champions ring, 1 each from the NFL, NBA, MLB &amp; NHL",4,
227,2022,championship-rings-2022,81,"Collect a set of 4 from the big 4.

Pick your year and recieve the champions ring, 1 each from the NFL, NBA, MLB &amp; NHL",4,
228,2023,championship-rings-2023,81,"Collect a set of 4 from the big 4.

Pick your year and recieve the champions ring, 1 each from the NFL, NBA, MLB &amp; NHL",4,
229,2024,championship-rings-2024,81,"Collect a set of 4 from the big 4.

Pick your year and recieve the champions ring, 1 each from the NFL, NBA, MLB &amp; NHL",4,
230,2025,championship-rings-2025,81,"Collect a set of 4 from the big 4.

Pick your year and recieve the champions ring, 1 each from the NFL, NBA, MLB &amp; NHL",4,
231,2026,championship-rings-2026,81,"Collect a set of 4 from the big 4.

Pick your year and recieve the champions ring, 1 each from the NFL, NBA, MLB &amp; NHL",4,
232,2027,championship-rings-2027,81,"Collect a set of 4 from the big 4.

Pick your year and recieve the champions ring, 1 each from the NFL, NBA, MLB &amp; NHL",1,
297,"Aaron Rodgers (NFL)",aaron-rodgers-superbowl-championship-ring,29,"Own Aaron Rodgers’s Superbowl Championship Ring with the Green Bay Packers",2,https://youbethechamp.com.au/wp-content/uploads/2026/02/IMG_8506.jpeg
423,"AFC East",nfl-american-football-conference-east,18,"Everythng New England Patriots, Buffalo Bills, Miami Dolphins, New York Jets",11,
420,"AFC North",nfl-american-football-conference-north,18,"Everythin Baltimore Ravens, Cleveland Browns, Cincinnati Bengals, Pittsburgh Steelers",12,
421,"AFC South",nfl-american-football-conference-south,18,"Everything Jacksonville Jaguars, Indianapolis Colts, Houston Texans, Tennessee Titans",4,
422,"AFC West",nfl-american-football-conference-west,18,"Everything Kansas City Chiefs, Denver Broncos, Los Angeles Chargers, Las Vegas Raiders",16,
412,"AL Central Division",mlb-american-league-central-division,25,"Everything Chicago White Sox, Cleveland Guardians, Detroit Tigers, Kansas City Royals, Minnesota Twins",18,
413,"AL East Division",mlb-american-league-east-division,25,"Everything New York Yankees, Boston Red Sox, Baltimore Orioles, Tampa Bay Rays, Toronto Blue Jays",52,
411,"AL West Division",mlb-american-league-west-division,25,"Everthing Oakland A's, Houston Astros, Anaheim Angels, Texas Rangers, Seattle Mariners",16,
373,"Alexander Ovechkin (NHL)",alexander-ovechkin-stanley-cup-championship-rings,29,"Own Alexander Ovechkin’s Stanley Cup Championship Ring with the Washington Captals",1,https://youbethechamp.com.au/wp-content/uploads/2026/02/IMG_8507.jpeg
29,"All Time Greats",all-time-greats-champion-rings,0,"Complete championship rings sets of the all time greats",230,
499,"Anaheim Angels",anaheim-angels-mlb-team,411,Angels,1,
33,"Anaheim Angels (MLB)",anaheim-angels,23,"Anaheim Angels rings and other merchandise",1,
547,"Anaheim Ducks",anaheim-ducks-nhl-team,433,Ducks,1,
34,"Anaheim Mighty Ducks (NHL)",anaheim-mighty-ducks,23,"Anaheim Mighty Ducks rings and other merchandise",1,
484,"Arizona Cardinals",arizona-cardinals-nfl-team,419,Cardinals,0,
35,"Arizona Cardinals (NFL)",arizona-cardinals,23,"Arizona Cardinals rings and other merchandise",0,
514,"Arizona Diamondbacks",arizona-diamondbacks-mlb-team,414,Diamondbacks,0,
36,"Arizona Diamondbacks (MLB)",arizona-diamondbacks,23,"Arizona Diamondbacks rings and other merchandise",1,
507,"Atlanta Braves",atlanta-braves-mlb-team,416,Braves,5,
37,"Atlanta Braves (MLB)",atlanta-braves,23,"Atlanta Braves rings and other merchandise",5,
481,"Atlanta Falcons",atlanta-falcons-nfl-team,478,Falcons,0,
38,"Atlanta Falcons (NFL)",atlanta-falcons,23,"Atlanta Falcons rings and other merchandise",0,
563,"Atlanta Hawks",atlanta-hawks-nba-team,426,Hawks,1,
39,"Atlanta Hawks (NBA)",atlanta-hawks,23,"Atlanta Hawks rings and other merchandise",1,
170,"Atlanta Pro Teams",atlanta-professional-sports-teams,82,"Championship rings from all the pro teams from NFL, NBA, MLB, NHL in Atlanta.",6,
42,"Babe Ruth (MLB)",babe-ruth-world-series-championship-rings,29,"Own 1 or all 7 of Babe Ruth’s World Series Championship Rings with the Boston Red Sox and New York Yankees",10,https://youbethechamp.com.au/wp-content/uploads/2026/02/IMG_8508.jpeg
493,"Baltimore Orioles",baltimore-orioles-mlb-team,413,Orioles,4,
43,"Baltimore Orioles (MLB)",baltimore-orioles,23,"Baltimore Orioles rings and other merchandise",4,
268,"Baltimore Pro Teams",baltimore-professional-sports-teams,82,"Championship rings from all the pro teams from NFL, NBA, MLB, NHL in Baltimore.",8,
459,"Baltimore Ravens",baltimore-ravens-nfl-team-nfl-american-football-conference-north,420,Baltimre,3,
44,"Baltimore Ravens (NFL)",baltimore-ravens,23,"Baltimore Ravens rings and other merchandise",3,
294,"Bart Starr (NFL)",bart-starr-superbowl-championship-rings,29,"Own 1 or all of Bart Starr’s Superbowl Championship Rings with the Green Bay Packers",4,https://youbethechamp.com.au/wp-content/uploads/2026/02/IMG_8509.jpeg
404,"Ben Rothlisberger (NFL)",ben-rothlisberger-superbowl-championship-rings,29,"Own 1 or both of Big Ben Rothlisberger's Superbowl Championship Rings with the Pittsburgh Steelers",3,https://youbethechamp.com.au/wp-content/uploads/2026/02/IMG_8510.jpeg
396,"Bill Russell (NBA)",bill-russell-nba-finals-championship-rings,29,"Own 1 or all 11 of Bill Russell's NBA Finals Championship Rings with the Boston Celtics",12,https://youbethechamp.com.au/wp-content/uploads/2026/02/IMG_8511.jpeg
377,"Bobby Orr (NHL)",bobby-orr-stanley-cup-championship-rings,29,"Own 1 or both of Bobby Orr’s Stanley Cup Championship Rings with the Boston Bruins",3,https://youbethechamp.com.au/wp-content/uploads/2026/02/IMG_8512.jpeg
520,"Boston Bruins",boston-bruins-nhl-team,430,Bruins,7,
45,"Boston Bruins (NHL)",boston-bruins,23,"Boston Bruins
rings and other merchandise",7,
549,"Boston Celtics",boston-celtics-nba-team,424,Celtics,21,
46,"Boston Celtics (NBA)",boston-celtics,23,"Boston Celtics rings and other merchandise",21,
186,"Boston Pro Teams",boston-professional-sports-teams,82,"Championship rings from all the pro teams from NFL, NBA, MLB, NHL in Boston.",49,
492,"Boston Red Sox",boston-red-sox-mlb-team,413,"Red Sox",12,
47,"Boston Red Sox (MLB)",boston-red-sox,23,"Boston Red Sox rings and other merchandise",12,
299,"Brett Favre (NFL)",brett-favre-superbowl-champiionship-ring,29,"Own Brett Favre’s Superbowl Championship Ring with the Green Bay Packers",2,https://youbethechamp.com.au/wp-content/uploads/2026/02/IMG_8513.jpeg
552,"Brooklyn Nets",brooklyn-nets-nba-team,424,Nets,0,
272,"Brooklyn Pro Teams",brooklyn-professional-sports-teams,82,"Championship rings from all the pro teams from NFL, NBA, MLB, NHL in Brooklyn.",2,
461,"Buffalo Bills",buffalo-bills-nfl-team,423,Buffalo,0,
48,"Buffalo Bills (NFL)",buffalo-bills,23,"Buffalo Bills rings and other merchandise",0,
247,"Buffalo Pro Teams",buffalo-professional-sports-teams,82,"Championship rings from all the pro teams from NFL, NBA, MLB, NHL in Buffalo.",0,
517,"Buffalo Sabres",buffalo-sabres-nhl-team,430,Sabres,0,
49,"Buffalo Sabres (NHL)",buffalo-sabres,23,"Buffalo Sabres rings and other merchandise",0,
548,"Calgary Flames",calgary-flames-nhl-team,433,Flames,1,
50,"Calgary Flames (NHL)",calgary-flames,23,"Calgary Flames rings and other merchandise",1,
248,"Calgary Pro Teams",calgary-professional-sports-teams,82,"Championship rings from all the pro teams from NFL, NBA, MLB, NHL in Calgary.",1,
528,"Carolina Hurricanes",carolina-hurricanes-nhl-team,431,Hurricanes,1,
51,"Carolina Hurricanes (NHL)",carolina-hurricanes,23,"Carolina Hurricanes rings and other merchandise",1,
480,"Carolina Panthers",carolina-panthers-nfl-team,478,Panthers,0,
52,"Carolina Panthers (NFL)",carolina-panthers,23,"Carolina Panthers rings and other merchandise",0,
81,"Champions By Year",champions-by-year,0,"Collect a set of 4 from the big 4. 

Pick your year and recieve the champions ring, 1 each from the NFL, NBA, MLB &amp; NHL",365,
473,Championships/Finals,superbowl-nba-finals-world-series-stanley-cup,0,,357,
560,"Charlotte Hornets",charlotte-hornets-nba-team,426,Hornets,0,
53,"Charlotte Hornets (NBA)",charlotte-hornets,23,"Charlotte Hornets rings and other merchandise",0,
267,"Charlotte Pro Teams",charlotte-professional-sports-teams,82,"Championship rings from all the pro teams from NFL, NBA, MLB, NHL in Charlotte.",1,
477,"Chicago Bears",chicago-bears-nfl-team,417,Bears,0,
54,"Chicago Bears (NFL)",chicago-bears,23,"Chicago Bears rings and other merchandise",1,
538,"Chicago Blackhawks",chicago-blackhawks-nhl-team,432,Blackhawks,7,
55,"Chicago Blackhawks (NHL)",chicago-blackhawks,23,"Chicago Blackhawks rings and other merchandise",7,
556,"Chicago Bulls",chicago-bulls-nba-team,425,Bulls,9,
56,"Chicago Bulls (NBA)",chicago-bulls,23,"Chicago Bulls rings and other merchandise",9,
502,"Chicago Cubs",chicago-cubs-mlb-team,415,Cubs,4,
57,"Chicago Cubs (MLB)",chicago-cubs,23,"Chicago Cubs rings and other merchandise",4,
185,"Chicago Pro Teams",chicago-professional-sports-teams,82,"Championship rings from all the pro teams from NFL, NBA, MLB, NHL in Chicago.",25,
487,"Chicago White Sox",chicago-white-sox-mlb-team,412,"White Sox",4,
58,"Chicago White Sox (MLB)",chicago-white-sox,23,"Chicago White Sox rings and other merchandise",4,
467,"Cincinnati Bengals",cincinnati-bengals-nfl-team,420,Bengals,0,
59,"Cincinnati Bengals (NFL)",cincinnati-bengals,23,"Cincinnati Bengals rings and other merchandise",0,
256,"Cincinnati Pro Teams",cincinnati-professional-sports-teams,82,"Championship rings from all the pro teams from NFL, NBA, MLB, NHL in Cincinnati.",6,
503,"Cincinnati Reds",cincinnati-reds-mlb-team,415,Reds,6,
60,"Cincinnati Reds (MLB)",cincinnati-reds,23,"Cincinnati Reds rings and other merchandise",6,
466,"Cleveland Browns",cleveland-browns-nfl-team,420,Browns,0,
61,"Cleveland Browns (NFL)",cleveland-browns,23,"Cleveland Browns rings and other merchandise",0,
557,"Cleveland Cavaliers",cleveland-cavaliers-nba-team,425,Cavs,2,
62,"Cleveland Cavaliers (NBA)",cleveland-cavaliers,23,"Cleveland Cavaliers rings and other merchandise",2,
488,"Cleveland Guardians",cleveland-guardians-mlb-team,412,Guardians,3,
63,"Cleveland Indians (MLB)",cleveland-indians,23,"Cleveland Indians rings and other merchandise",3,
177,"Cleveland Pro Teams",cleveland-professional-sports-teams,82,"Championship rings from all the pro teams from NFL, NBA, MLB, NHL in Cleveland.",5,
535,"Colorado Avalanche",colorado-avalanche-nhl-team,432,Avalanche,4,
64,"Colorado Avalanche (NHL)",colorado-avalanche,23,"Colorado Avalanche rings and other merchandise",5,
512,"Colorado Rockies",colorado-rockies-mlb-team,414,Rockies,0,
65,"Colorado Rockies (MLB)",colorado-rockiers,23,"Colorado Avalanche rings and other merchandise",0,
527,"Columbus Blue Jackets",columbus-blue-jackets-nhl-team,431,"Blue Jackets",0,
266,"Columbus Pro Teams",columbus-professional-sports-teams,82,"Championship rings from all the pro teams from NFL, NBA, MLB, NHL in Columbus.",0,
438,"Complete Team Sets - All Teams - NFL, NBA, MLB, NHL",championship-rings-team-sets-nfl-nba-mlb-nhl,0,"Every team - Every League

Own a complete set of every team with multiple championships 

You can own a complete set of any team with more than 1 ring

NFL- San Fransisco 49ers, New England Patriots, Pittsburgh Steelers, Green Bay Packers
NBA - Chicago Bulls, LA Lakers, San Antonio Spurs, Boston Celtics
MLB - New York Yankees, Bost Red Sox, LA Dodgers,  Detroit Tigers
NHL - Tampa Bay Lightning, Montreal Canadiens, Chicago Blackhawks, Edmonton Oilers
And many, many, many more.",87,
305,"Cy Young (MLB)",cy-young-world-series-championship-rings,29,"Own Cy Young's championship ring, playing with the Boston Americans. ",1,https://youbethechamp.com.au/wp-content/uploads/2026/02/IMG_8514.jpeg
469,"Dallas Cowboys",dallas-cowboys-nfl-team,418,Cowboys,6,
66,"Dallas Cowboys (NFL)",dallas-cowboys,23,"Dallas Cowboys rings and other merchandise",7,
576,"Dallas Mavericks",dallas-mavericks-nba-team,429,Mavericks,1,
67,"Dallas Mavericks (NBA)",dallas-mavericks,23,"Dallas Mavericks rings and other merchandise",1,
173,"Dallas Pro Teams",dallas-professional-sports-teams,82,"Championship rings from all the pro teams from NFL, NBA, MLB, NHL in Dallas.",10,
536,"Dallas Stars",dallas-stars-nhl-team,432,Stars,1,
68,"Dallas Stars (NHL)",dallas-stars,23,"Dallas Stars rings and other merchandise",1,
580,"David Ortiz (MLB)",david-ortiz-world-series-championship-rings,29,"Own 1 or all 3 of David Ortiz’s World Sweries Championship Ring with the Boston Red Sox",4,https://youbethechamp.com.au/wp-content/uploads/2026/02/IMG_8516.jpeg
442,"David Robinson (NBA)",david-robinson-nba-finals-championship-rings,29,"Own 1 or both of David Robinson's NBA Finalsl Championship Rings with the San Antonio Spurs",3,https://youbethechamp.com.au/wp-content/uploads/2026/02/IMG_8517.jpeg
463,"Denver Broncos",denver-broncos-nlf-team,422,Denver,6,
69,"Denver Broncos (NFL)",denver-broncos,23,"Denver Broncos rings and other merchandise",6,
567,"Denver Nuggets",denver-nuggets-nba-team,427,Nuggets,1,
70,"Denver Nuggets (NBA)",denver-nuggets,23,"Denver Nuggets rings and other merchandise",1,
171,"Denver Pro Teams",denver-professional-sports-teams,82,"Championship rings from all the pro teams from NFL, NBA, MLB, NHL in Denver.",12,
393,"Derek Jeter (MLB)",derek-jeter-world-series-championship-rings,29,"Own 1 or all 5 of Derek Jeter’s World Series Championship Rings with the New York Yankees",7,https://youbethechamp.com.au/wp-content/uploads/2026/02/IMG_8518.jpeg
476,"Detroit Lions",detroit-lions-nfl-team,417,Lions,0,
71,"Detroit Lions (NFL)",detroit-lions,23,"Detroit Lions rings and other merchandise",0,
554,"Detroit Pistons",detroit-pistons-nba-team,425,Pistons,4,
72,"Detroit Pistons (NBA)",detroit-pistons,23,"Detroit Pistons rings and other merchandise",4,
179,"Detroit Pro Teams",detroit-professional-sports-teams,82,"Championship rings from all the pro teams from NFL, NBA, MLB, NHL in Detroit.",20,
519,"Detroit Red Wings",detroit-red-wings-nhl-team,430,"Red Wings",11,
73,"Detroit Red Wings (NHL)",detroit-red-wings,23,"Detroit Red Wings rings and other merchandise",12,
490,"Detroit Tigers",detroit-tigers-mlb-team,412,Tigers,4,
74,"Detroit Tigers (MLB)",detroit-tigers,23,"Detroit Tigers rings and other merchandise",4,
401,"Dirk Nowitzski (NBA)",dirk-nowitzski-nba-finals-championship-rings,29,"Own Dirk Nowitzski’s NBA Finals Championship Ring with the Dallas Mavericka",1,https://youbethechamp.com.au/wp-content/uploads/2026/02/IMG_8519.jpeg
298,"Drew Brees (NFL)",drew-brees-superbowl-championship-rings,29,"Own Drew Brees’s Superbowl Championship Ring with the New Orleans Saints ",1,https://youbethechamp.com.au/wp-content/uploads/2026/02/IMG_8520.jpeg
403,"Dwayne Wade (NBA)",dwayne-wade-nba-finals-championship-rings,29,"Own 1 or all 3 of Dwayne Wade's NBA Finals Championship Rings with the Miami Heat",4,https://youbethechamp.com.au/wp-content/uploads/2026/02/IMG_8521.jpeg
424,"EC Atlantic",nba-eastern-conference-atlantic,24,"Everything Boston Celtics, New York Knicks, Toronto Raptors, Philadelphia 76ers, Brooklyn Nets",29,
430,"EC Atlantic",nhl-eastern-conference-atlantic,26,"Everything Boston Bruins, Detroit Red Wings, Buffalo Sabres, Florida Panthers, Montreal Canadiens, Tampa Bay Lightning, Ottawa Senators, Toronto Maple Leafs",63,
425,"EC Central",nba-eastern-conference-central,24,"Everything Chicago Bulls, Milwaukee Bucks, Detroit Pistons, Cleveland Cavaliers, Indiana Pacers",17,
431,"EC Metropolitan",nhl-eastern-conference-metropolitan,26,"Everything Carolina Hurricanes, New York Rangers, Philadelphia Flyers, Washington Capitals, Pittsburgh Penguins, New Jersey Devils, New York Islanders, Columbus Blue Jackets",26,
426,"EC Southeast",nba-eastern-conference-southeast,24,"Everything Orlando Magic, Charlotte Hornets, Miami Heat, Atlanta Hawks, Washington Wizards",6,
545,"Edmonton Oilers",edmonton-oilers-nhl-team,433,Oilers,7,
75,"Edmonton Oilers (NHL)",edmonton-oilers,23,"Edmonton Oilers rings and other merchandise",7,
240,"Edmonton Pro Teams",edmonton-professional-sports-teams,82,"Championship rings from all the pro teams from NFL, NBA, MLB, NHL in Edmonton",7,
510,"Florida Marlins",florida-marlins-mlb-team,416,Marlins,3,
76,"Florida Marlins (MLB)",florida-marlins,23,"Florida Marlins rings and other merchandise",3,
524,"Florida Panthers",florida-panthers-nhl-team,430,Panthers,3,
77,"Florida Panthers (NHL)",florida-panthers,23,"Florida Panthers rings and other merchandise",3,
388,"Garry Maddox (MLB)",garry-maddox-world-series-championship-rings,29,"Own Garry Maddox’s World Series Championship Rings with the Philadelphia Phillies",2,https://youbethechamp.com.au/wp-content/uploads/2026/02/IMG_8522.jpeg
573,"Golden State Warriors",golden-state-warriors-nba-team,428,Warriors,8,
78,"Golden State Warriors (NBA)",golden-state-warriors,23,"Golden State Warriors rings and other merchandise",8,
376,"Gordie Howe (NHL)",gordie-howe-stanley-cup-championship-rings,29,"Own 1 or all 4 of Gordie Howe’s Stanley Cup Championship Rings with the Detroit Red Wings",5,https://youbethechamp.com.au/wp-content/uploads/2026/02/IMG_8523.jpeg
474,"Green Bay Packers",green-bay-packers-nfl-team,417,packers,6,
79,"Green Bay Packers (NFL)",green-bay-packers,23,"Green Bay Packers rings and other merchandise.

Founded in 1919 and based in Green Bay, Wisconsin, the Green Bay Packers are one of the NFL’s most storied franchises, with 4 Super Bowl titles and a league-record 13 total championships. Their 1962 team went 13-1, and legends like Bart Starr (SB I &amp; II MVP), Brett Favre, and Aaron Rodgers (4× MVP) defined eras of dominance. After a 29-year Super Bowl drought, they returned to glory in Super Bowl XLV (2010 season). In 2023, they made the playoffs again with rising QB Jordan Love—proof that Titletown’s legacy is far from finished.",6,
265,"Green Bay Pro Teams",green-bay-professional-sports-teams,82,"Championship rings from all the pro teams from NFL, NBA, MLB, NHL in Green Bay.",6,
399,"Hakeem Olajuwan (NBA)",hakeem-olajuwan-nba-finals-championship-rings,29,"Own 1 or both of Hakeem Olajuwan’s NBA Finals Championship Rings with the Houston Rockets",3,https://youbethechamp.com.au/wp-content/uploads/2026/02/IMG_8524.jpeg
384,"Hank Aaron (MLB)",hank-aaron-stanley-cup-championship-rings,29,"Own Hank Aaron’s World Series Championship Rings with the Milwaukee Braves",1,https://youbethechamp.com.au/wp-content/uploads/2026/02/IMG_8525.jpeg
374,"Henri Richard (NHL)",henri-richard-stanley-cup-championship-rings,29,"Own 1 or all 11 of Henri Richard's Stanley Cup Championship Rings with the Montreal Canadiens",12,https://youbethechamp.com.au/wp-content/uploads/2026/02/IMG_8526.jpeg
390,"Honus Wagner (MLB)",honus-wagner-world-series-championship-rings,29,"Own Honus Wagner's World Series Championship Rings with the Pittsburgh Pirates",2,https://youbethechamp.com.au/wp-content/uploads/2026/02/IMG_8527.jpeg
497,"Houston Astros",houston-astros-mlb-team,411,Astros,3,
84,"Houston Astros (MLB)",houston-astros,23,"Houston Astros rings and other merchandise",3,
178,"Houston Pro Teams",houston-professional-sports-teams,82,"Championship rings from all the pro teams from NFL, NBA, MLB, NHL in Houston.",8,
574,"Houston Rockets",houston-rockets-nba-team,429,Rockets,5,
85,"Houston Rockets (NBA)",houston-rockets,23,"Houston Rockets rings and other merchandise",5,
457,"Houston Texans",houston-texans-nfl-team,421,Houston,0,
86,"Houston Texans (NFL)",houston-texans,23,"Houston Texans rings and other merchandise",0,
410,"I want Them All",every-team-every-year-every-championship-ring,0,"BUY THEM ALL...!

Every Team. Every Year. Every Championship Ring. Every League.

NFL - NBA - MLB - NHL",5,
555,"Indiana Pacers",indiana-pacers-nba-team,425,Pacers,0,
87,"Indiana Pacers (NBA)",indiana-pacers,23,"Indiana Pacers rings and other merchandise",0,
456,"Indianapolis Colts",indianapolis-colts-nfl-team,421,Inidianapois,4,
88,"Indianapolis Colts (NFL)",indianapolis-colts,23,"Indianapolis Colts rings and other merchandise",3,
269,"Indianapolis Pro Teams",indianapolis-professional-sports-teams,82,"Championship rings from all the pro teams from NFL, NBA, MLB, NHL in Indianapolis.",3,
402,"Isiah Thomas (NBA)",isiah-thomas-nba-finals-championship-rings,29,"Own 1 or both of Isiah Thomas’s NBA Finals Championship Rings with the Detroit Pistons",3,https://youbethechamp.com.au/wp-content/uploads/2026/02/IMG_8528.jpeg
454,"Jacksonville Jaguars",jacksonsville-jaguars-nfl-team,421,Jacksonville,0,
89,"Jacksonville Jaguars (NFL)",jacksonville-jaguars,23,"Jacksonville Jaguars rings and other merchandise",0,
261,"Jacksonville Pro Teams",jacksonville-professional-sports-teams,82,"Championship rings from all the pro teams from NFL, NBA, MLB, NHL in Jacksonville.",0,
379,"Jean Beliveau (NHL)",jean-beliveua-stanley-cup-championship-rings,29,"Own 1 or all 10 of Jean Beliveau’s Stanley Cup Championship Rings with the Montreal Canadiens, 1 or all 7 of Jean Beliveau's Stanley Cup Championship Rings as an administrative executive of the Montreal Canadiens.

Of course, you could also own all 17 of Jean's Stanley Cup Rings.",11,https://youbethechamp.com.au/wp-content/uploads/2026/02/IMG_8530.jpeg
444,"Jerry Rice (NFL)",jerry-rice-superbowl-championship-rings,29,"Own 1 or all 3 of Jerry Rice's Superbowl Championship Rings with the San Fransisco 49ers",4,https://youbethechamp.com.au/wp-content/uploads/2026/02/IMG_8531.jpeg
307,"Joe Dimaggio (MLB)",joe-dimaggio-world-series-championship-rings,29,"Own 1 or all 7 of Joe Dimaggio’s World Series Championship Rings with the NewYork Yankees",12,https://youbethechamp.com.au/wp-content/uploads/2026/02/IMG_8532.jpeg
31,"Joe Montana (NFL)",joe-montana-superbowl-championships-rings,29,"Own 1 or all 4 of Joe Montana's Superbowl Championship Rings with the San Francisco 49ers ",6,https://youbethechamp.com.au/wp-content/uploads/2026/02/IMG_8533.jpeg
406,"Joe Namath (NFL)",joe-namath-superbowl-championship-rings,29,"Own Joe Namath’s Superbowl Championship Ring with the New York Jets",1,https://youbethechamp.com.au/wp-content/uploads/2026/02/IMG_8534.jpeg
296,"John Elway (NFL)",john-elway-superbowl-championship-rings,29,"Own 1 or both of John Elway's Superbowl Championship Rings with the Denver Broncos ",4,https://youbethechamp.com.au/wp-content/uploads/2026/02/IMG_8535.jpeg
369,"Johnny Unitas (NFL)",johnny-unitas-superbowl-championship-rings,29,"Own Johnny Unitas's Super Bowl Championship Ring with the Baltimore Colts",2,https://youbethechamp.com.au/wp-content/uploads/2026/02/IMG_8536.jpeg
409,"Jonathan Toews (NHL)",jonathan-toews-stanley-cup-championship-rings,29,"Own 1 or all 3 of Jonathan Toews Stanley Cup NHL Championship rings with the Blackhawks",4,https://youbethechamp.com.au/wp-content/uploads/2026/02/IMG_8537.jpeg
462,"Kansas City Chiefs",kansas-city-chiefs-nfl-team,422,Kansas,6,
90,"Kansas City Chiefs (NFL)",kansas-city-chiefs,23,"Kansas City Chiefs rings and other merchandise",6,
271,"Kansas City Pro Teams",kansas-city-professional-sports-teams,82,"Championship rings from all the pro teams from NFL, NBA, MLB, NHL in Kansas City.",9,
491,"Kansas City Royals",kc-royals-mlb-team,412,Royals,4,
91,"Kansas City Royals (MLB)",kansas-city-royals,23,"Kansas City Royals rings and other merchandise",3,
303,"Kareem Abdul-Jabbar (NBA)",kareem-abdul-jabbar-nba-finals-championship-rings,29,"Own 1 or all 6 of Kareem Abdul-Jabbar's NBA Championship Rings with the Los Angeles Lakers",7,https://youbethechamp.com.au/wp-content/uploads/2026/02/IMG_8538.jpeg
440,"Kevin Durant (NBA)",kevin-durant-nba-finals-championship-rings,29,"Own 1 or both of Kevin Durant's NBA Finalsl Championship Rings with the Golden State Warriors",3,https://youbethechamp.com.au/wp-content/uploads/2026/02/IMG_8539.jpeg
441,"Kevin Garnett (NBA)",kevin-garnett-nba-finals-championship-rings,29,"Own Kevin Garnett's NBA Finalsl Championship Rings with the Boston Celtics",1,https://youbethechamp.com.au/wp-content/uploads/2026/02/IMG_8541.jpeg
233,"Kobe Bryant (NBA)",kobe-bryant-nba-finals-championship-rings,29,"Own 1 or all 5 of Kobe Bryant's NBA Finals Championship Rings with the Los Angeles Lakers",11,https://youbethechamp.com.au/wp-content/uploads/2026/02/IMG_8542.jpeg
445,"Kurt Warner (NFL)",kurt-warner-superbowl-championship-rings,29,"Own Kurt Warner's Superbowl Championship Ring with the St Louis Rams",2,https://youbethechamp.com.au/wp-content/uploads/2026/02/IMG_8543.jpeg
304,"Larry Bird (NBA)",larry-bird-nba-finals-championship-rings,29,"Own 1 or all 3 of Larry Bird's NBA Championship Rings with the Boston Celtics",5,https://youbethechamp.com.au/wp-content/uploads/2026/02/IMG_8544.jpeg
120,"Las Vegas (Oakland/Los Angeles) Raiders (NFL)",lv-raiders,23,"Las Vegas Raiders rings and other merchandise",4,
541,"Las Vegas Golden Knights",lv-golden-knights-nhl-team,433,"Golden Knights",1,
142,"Las Vegas Golden Knights (NHL)",lv-golden-knights,23,"Las Vegas Golden Knights rings and other merchandise",1,
252,"Las Vegas Pro Treams",las-vegas-professional-sports-teams,82,"Championship rings from all the pro teams from NFL, NBA, MLB, NHL in Las Vegas.",5,
464,"Las Vegas Raiders",las-vegas-raiders-nfl-team,422,Raiders,4,
17,League,sports-championship-rings,0,"Rings from the big 4:
NFL Rings, NBA Rings, MLB Rings &amp; NHL Rings
College Championship Rings",451,
234,"Lebron James (NBA)",lebron-james-nba-finals-championship-rings,29,"Own 1 or all 4 ofLebron James’s NBA Finals Championship Rings with the Miami Heat, Cleveland Cavaliers and Los Angeles Lakers",7,https://youbethechamp.com.au/wp-content/uploads/2026/02/IMG_8545.jpeg
465,"Los Angeles Chargers",la-chargers-nfl-team,422,Chargers,0,
97,"Los Angeles Chargers (NFL)",la-chargers,23,"Los Angeles Chargers rings and other merchandise",0,
571,"Los Angeles Clippers",la-clippers-nba-team,428,Clippers,0,
92,"Los Angeles Clippers (NBA)",la-clippers,23,"Los Angeles Clippers rings and other merchandise",0,
515,"Los Angeles Dodgers",la-dodgers-mlb-team,414,Dodgers,10,
93,"Los Angeles Dodgers (MLB)",la-dodgers,23,"Los Angeles Dodgers rings and other merchandise",10,
544,"Los Angeles Kings",la-kings-nhl-team,433,Kings,3,
94,"Los Angeles Kings (NHL)",la-kings,23,"Los Angeles Kings rings and other merchandise",3,
569,"Los Angeles Lakers",la-lakers-nba-team,428,Lakers,27,
95,"Los Angeles Lakers (NBA)",la-lakers,23,"Los Angeles Lakers rings and other merchandise",26,
169,"Los Angeles Pro Teams",la-professional-sports-teams,82,"Championship rings from all the pro teams from NFL, NBA, MLB, NHL in Los Angeles.",46,
483,"Los Angeles Rams",la-rams-nfl-team,419,Rams,3,
96,"Los Angeles Rams (NFL)",la-rams,23,"Los Angeles Rams rings and other merchandise",3,
387,"Lou Gehrig (MLB)",lou-gehrig-world-series-championship-rings,29,"Own 1 or all 7 of Lou Rehrig’s World Series Championship Rings with the New York Yankees",8,https://youbethechamp.com.au/wp-content/uploads/2026/02/IMG_8546.jpeg
302,"Magic Johnson (NBA)",magic-johnson-nba-finals-championship-rings,29,"Own 1 or all 5 of Magic Johnson's NBA Finals Championship Rings with the Los Angeles Lakers",7,https://youbethechamp.com.au/wp-content/uploads/2026/02/IMG_8547.jpeg
375,"Mario Lemieux (NHL)",mario-lemieux-stanley-cup-championship-rings,29,"Own 1 or both of Mario Lemieux's  Stanley Cup Championship Rings with the Pittsburgh Penguins.
You can also own his 3 Stanley Cup Championship Rings with the Pittsburgh Penguins.",3,https://youbethechamp.com.au/wp-content/uploads/2026/02/IMG_8548.jpeg
309,"Mark Messier (NHL)",mark-messier-stanley-cup-championship-rings,29,"Own 1 or all 5 of Mark Messier’s Stanley Cup Championship Rings with the Edmonton Oilers and New York Rangers",8,https://youbethechamp.com.au/wp-content/uploads/2026/02/IMG_8549.jpeg
378,"Maurice 'The Rocket"" Richard (NHL)",maurice-richard-stanley-cup-championship-rings,29,"Own 1 or all 8 of Maurice Richard’s Stanley Cup Championship Rings with the Montreal Canadiens, including his 5 consecutive as captain.",9,https://youbethechamp.com.au/wp-content/uploads/2026/02/IMG_8550.jpeg
575,"Memphis Grizzlies",memphis-grizzlies-nba-team,429,Grizzlies,0,
138,"Memphis Grizzlies (NBA)",memphis-grizzlies,23,"Memphis Grizzlies rings and other merchandise",0,
255,"Memphis Pro Teams",memphis-professional-sports-teams,82,"Championship rings from all the pro teams from NFL, NBA, MLB, NHL in Memphis.",0,
98,"Miami Dolphins (NFL)",miami-dolphins,23,"Miami Dolphins rings and other merchandise",3,
450,"Miami Dolpins",miami-dolphins-nfl-team,423,Miami,3,
561,"Miami Heat",miami-heat-nba-team,426,Heat,4,
99,"Miami Heat (NBA)",miami-heat,23,"Miami Heat rings and other merchandise",5,
176,"Miami Pro Teams",miami-professional-sports-teams,82,"Championship rings from all the pro teams from NFL, NBA, MLB, NHL in Miami.",14,
40,"Michael Jordan (NBA)",michael-jordan-nba-finals-championship-rings,29,"Own 1 or all 6 of Michael Jordan's NBA Finals Championship Rings with the Chicago Bulls",9,https://youbethechamp.com.au/wp-content/uploads/2026/02/IMG_8551.jpeg
329,"Mickey Mantle (MLB)",mickey-mantle-world-series-championship-rings,29,"Own 1 or all 7 of Mickey Mantle's  World Series Championship Rings with the NewYork Yankees",10,https://youbethechamp.com.au/wp-content/uploads/2026/02/IMG_8552.jpeg
381,"Mike Bossy (NHL)",mike-bossy-stanley-cup-championship-rings,29,"Own 1 or all 4 of Mike Bossy’s Stanley Cup Championship Rings with the New York Islanders.",5,https://youbethechamp.com.au/wp-content/uploads/2026/02/IMG_8553.jpeg
394,"Mike Schmidt (MLB)",mike-schmidt-world-series-championship-rings,29,"Own Mike Schmidt’s World Series Championship Rings with the Philadelphia Phillies",2,https://youbethechamp.com.au/wp-content/uploads/2026/02/IMG_8554.jpeg
504,"Milwaukee Brewers",milwaulkee-brewers-mlb-team,415,Brewers,0,
100,"Milwaukee Brewers (MLB)",milwaulkee-brewers,23,"Milwaukee Brewers rings and other merchandise",0,
558,"Milwaukee Bucks",milwaukee-bucks-nba-team,425,Bucks,2,
101,"Milwaukee Bucks (NBA)",milwaukee-bucks,23,"Milwaukee Bucks rings and other merchandise",2,
263,"Milwaukee Pro Teams",milwaukee-professional-sports-teams,82,"Championship rings from all the pro teams from NFL, NBA, MLB, NHL in Milwaukie.",3,
184,"Minnesota Pro Teams",minnesota-professional-sports-teams,82,"Championship rings from all the pro teams from NFL, NBA, MLB, NHL in Minnesota.",3,
564,"Minnesota Timberwolves",minnesota-timberwolves-nba-team,427,Timberwolves,0,
102,"Minnesota Timberwolves (NBA)",minnesota-timberwolves,23,"Minnesota Timberwolves rings and other merchandise",0,
489,"Minnesota Twins",minnesota-twins-mlb-team,412,Twins,3,
103,"Minnesota Twins (MLB)",minnesota-twins,23,"Minnesota Twins rings and other merchandise",3,
475,"Minnesota Vikings",minnesota-vikings-nfl-team,417,Vikings,0,
104,"Minnesota Vikings (NFL)",minnesota-vikings,23,"Minnesota Vikings rings and other merchandise",0,
533,"Minnesota Wild",minnnesota-wild-nhl-team,432,Wild,0,
25,"MLB - Major League Baseball",mlb-rings,17,"all championship world series rings from every year",148,
435,"MLB – World Series Championship Rings Complete Team Sets",mlb-world-series-championship-rings-team-sets,438,"Complete sets from Major League Baseball teams with multiple World Series wins",25,
518,"Montreal Canadiens",montreal-canadiens-nhl-team,430,Canadiens,24,
105,"Montreal Canadiens (NHL)",montreal-canadiens,23,"Montreal Canadiens rings and other merchandise",24,
245,"Montreal Pro Teams",montreal-professional-sports-teams,82,"Championship rings from all the pro teams from NFL, NBA, MLB, NHL in Montreal.",24,
540,"Nashville Predators",nashville-predators-nhl-team,432,Predators,0,
107,"Nashville Predators (NHL)",nashville-predators,23,"Nashville Predators rings and other merchandise",0,
249,"Nashville Pro Teams",nashville-professional-sports-teams,82,"Championship rings from all the pro teams from NFL, NBA, MLB, NHL in Nashville.",0,
24,"NBA - National Basketball Association",nba-rings,17,"All championship rings from the nba historyy",104,
436,"NBA - NBA Finals Series Championship Rings Complete Team Sets",nba-finals-series-championship-rings-team-sets,438,"Complete sets from National Basketball Association teams with multiple NBA Finals Series wins",18,
27,"NBA Finals Championship Rings",nba-finals-championship-rings,473,"Every nba basketball finals series ring from every team",78,
453,"New England Patriots",new-england-patriots-nfl-team,423,"New England",8,
108,"New England Patriots (NFL)",new-england-patriots,23,"New England Patriots rings and other merchandise",9,
529,"New Jersey Devils",new-jersey-devils-nhl-team,431,Devils,4,
109,"New Jersey Devils (NHL)",new-jersey-devils,23,"New Jersey Devils rings and other merchandise",4,
110,"New Jersey Nets (NBA)",new-jersey-nets,23,"New Jersey Nets rings and other merchandise",0,
258,"New Jersey Pro Teams",new-jersey-pro-teams,82,"Championship rings from all the pro teams from NFL, NBA, MLB, NHL in New Jersey.",4,
577,"New Orleans Pelicans",new-orleans-pelicans-nba-team,429,Pelicans,0,
139,"New Orleans Pelicans (NBA)",new-orleans-pelicans,23,"New Orleans Pelicans rings and other merchandise",0,
244,"New Orleans Pro Teams",new-orleans-professional-sports-teams,82,"Championship rings from all the pro teams from NFL, NBA, MLB, NHL in New Orleans.",1,
479,"New Orleans Saints",new-orleans-saints-nfl-team,478,Saints,1,
111,"New Orleans Saints (NFL)",new-orleans-saints,23,"New Orleans Saints rings and other merchandise",1,
183,"New York City Pro Teams",ny-city-professional-sports-teams,82,"Championship rings from all the pro teams from NFL, NBA, MLB, NHL in New York City.",56,
471,"New York Giants",new-york-giants-nfl-team,418,Giants,6,
112,"New York Giants (NFL)",new-york-giants,23,"New York Giants rings and other merchandise",5,
531,"New York Islanders",nyc-islanders-nhl-team,431,Islanders,5,
113,"New York Islanders (NHL)",new-york-islanders,23,"New York Islanders rings and other merchandise",5,
460,"New York Jets",new-york-jets-nfl-team,423,Jets,0,
114,"New York Jets (NFL)",new-york-jets,23,"New York Jets rings and other merchandise",1,
550,"New York Knicks",nyc-knicks-nba-team,424,Knicks,3,
115,"New York Knicks (NBA)",new-york-knicks,23,"New York Knicks rings and other merchandise",3,
511,"New York Mets",ny-mets-mlb-team,416,Mets,3,
116,"New York Mets (MLB)",new-york-mets,23,"New York Mets rings and other merchandise",3,
530,"New York Rangers",nyc-rangers-nhl-team,431,Rangers,5,
117,"New York Rangers (NHL)",new-york-rangers,23,"New York Rangers rings and other merchandise",6,
496,"New York Yankees",nyc-yankees-mlb-team,413,Yankees,33,
118,"New York Yankees (MLB)",new-york-yankees,23,"New York Yankees rings and other merchandise",33,
418,"NFC East",nfl-national-football-conference-east,18,"Everything Dallas Cowboys, Philadelphia Eagles, Washington Commanders, New York Giants",19,
417,"NFC North",nfl-national-football-conference-north,18,"Everything Green Bay Packers, Minnesota Vikings, Chicago Bears, Detroit Lions",6,
478,"NFC South",nfl-national-football-conference-west-nfl-superbowl-rings,18,"Everything Tampa Bay Buccaneers, Carolina Panthers, Atlanta Falcons, New Orleans Saints",5,
419,"NFC West",nfl-national-football-conference-west,18,"Everything San Fransisco 49ers, Los Angeles Rams, Arizona Cardinals, Seattle Seahawks",12,
18,"NFL - National Football League",nfl-superbowl-rings,17,"Available - every ring from every superbowl.",84,
434,"NFL - Superbowl Championship Rings Complete Team Sets",nfl-superbowl-championship-rings-team-sets,438,"Complete sets from National Football League teams with multiple Super Bowl wins",24,
26,"NHL - National Hockey League",nhl-rings,17,"All stanley cup championship rings from ever year",115,
437,"NHL - Stanley Cup Championship Rings Complete Team Sets",nhl-stanley-cup-championship-rings-team-sets,438,"Complete sets from National Hockey Leaguel teams with multiple Stanley Cup Series wins",17,
415,"NL Central Division",mlb-national-league-central-division,25,"Everything Chicago Cubs, Cincinnati Reds, Milwaukee Brewers, Pittsburgh Pirates, St Louis Cardinals",26,
416,"NL East Division",mlb-national-league-east-division,25,"Everything Atlanta Braves, Florida Marlins, New York Mets, Philadelphia Phillies, Washington Nationals",17,
414,"NL West Division",mlb-national-league-west-division,25,"Everything Arizona Diamondbacks, Colorado Rockies, Los Angeles Dodgers, San Diego Padres, San Fransisco Giants",19,
500,"Oakland A's",oakland-as-mlb-team,411,A's,10,
119,"Oakland Athletics (MLB)",oakland-athletics,23,"Oakland Athletics and other merchandise",11,
262,"Oakland Pro Teams",oakland-professional-sports-teams,82,"Championship rings from all the pro teams from NFL, NBA, MLB, NHL in Oakland.",14,
264,"Oklahoma City Pro Teams",oklahoma-professional-sports-teams,82,"Championship rings from all the pro teams from NFL, NBA, MLB, NHL in Oklahoma City.",1,
568,"Oklahoma City Thunder",oklahoma-city-thunder-nba-team,427,Thunder,1,
140,"Oklahoma City Thunder (NBA)",oklahoma-city-thunder,23,"Oklahoma City Thunder rings and other merchandise",1,
559,"Orlando Magic",orlando-magic-nba-team,426,Magic,0,
121,"Orlando Magic (NBA)",orlando-magic,23,"Orlando Magic rings and other merchandise",0,
259,"Orlando Pro Teams",orlando-professional-sports-teams,82,"Championship rings from all the pro teams from NFL, NBA, MLB, NHL in Orlando.",0,
254,"Ottawa Pro Teams",ottawa-professional-sports-teams,82,"Championship rings from all the pro teams from NFL, NBA, MLB, NHL in Ottawa",1,
523,"Ottawa Senators",ottawa-senators-nhl-team,430,Senators,1,
122,"Ottawa Senators (NHL)",ottawa-senators,23,"Ottawa Senators rings and other merchandise",1,
238,"Patrick Mahomes (NFL)",patrick-mahomes-superbowl-championship-rings,29,"Own 1 or all 3 of Patrick Mahomes’s Superbowl Championship Rings with the Kansas City Chiefs",5,https://youbethechamp.com.au/wp-content/uploads/2026/02/IMG_8555.jpeg
308,"Pedro Martinez (MLB)",pedro-martinez-world-series-championship-rings,29,"Own Pedro Martinez World Series championship Ring with the Boston Red Sox",2,https://youbethechamp.com.au/wp-content/uploads/2026/02/IMG_8556.jpeg
235,"Peyton Manning (NFL)",peyton-manning-superbowl-championship-rings,29,"Own 1 or both of Peyton Mannings’s Superbowl Championship Rings with the Indianopolis Colts and Denver Broncos",5,https://youbethechamp.com.au/wp-content/uploads/2026/02/IMG_8557.jpeg
551,"Philadelphia 76ers",philadelphia-76ers-nba-team,424,76ers,4,
123,"Philadelphia 76ers (NBA)",philadelphia-76ers,23,"Philadelphia 76ers rings and other merchandise",4,
472,"Philadelphia Eagles",philadelphia-eagles-nfl-team,418,Eagles,3,
124,"Philadelphia Eagles (NFL)",philadelphia-eagles,23,"Philadelphia Eagles rings and other merchandise",3,
532,"Philadelphia Flyers",philadelphia-flyers-nhl-team,431,Flyers,3,
125,"Philadelphia Flyers (NHL)",philadelphia-flyers,23,"Philadelphia Flyers rings and other merchandise",3,
509,"Philadelphia Phillies",philadelphia-phillies-mlb-team,416,Phillies,3,
126,"Philadelphia Phillies (MLB)",philadelphia-phillies,23,"Philadelphia Phillies rings and other merchandise",3,
172,"Philadelphia Pro Teams",philadelphia-professional-sports-teams,82,"Championship rings from all the pro teams from NFL, NBA, MLB, NHL in Philadelphia.",13,
127,"Phoenix Coyotes (NHL)",phoenix-coyotes,23,"Phoenix Coyotes rings and other merchandise",0,
180,"Phoenix Pro Teams",phoeniz-professional-sports-teams,82,"Championship rings from all the pro teams from NFL, NBA, MLB, NHL in Phoenix.",1,
572,"Phoenix Suns",phoenix-suns-nba-team,428,Suns,0,
128,"Phoenix Suns (NBA)",phoenix-suns,23,"Phoenix Suns rings and other merchandise",0,
525,"Pittsburgh Penguins",pittsburgh-penguins-nhl-team,431,Penguins,7,
129,"Pittsburgh Penguins (NHL)",pittsburgh-penguins,23,"Pittsburgh Penguins rings and other merchandise",7,
506,"Pittsburgh Pirates",pittsburgh-pirates-mlb-team,415,Pirates,5,
130,"Pittsburgh Pirates (MLB)",pittsburgh-pirates,23,"Pittsburgh Pirates rings and other merchandise",5,
175,"Pittsburgh Pro Teams",pittsburgh-professional-sports-teams,82,"Championship rings from all the pro teams from NFL, NBA, MLB, NHL in Pittsburgh.",21,
468,"Pittsburgh Steelers",pittsburgh-steelers-nfl-team,420,Steelers,9,
131,"Pittsburgh Steelers (NFL)",pittsburgh-steelers,23,"Pittsburgh Steelers rings and other merchandise",8,
250,"Portland Pro Teams",portland-professional-sports-teams,82,"Championship rings from all the pro teams from NFL, NBA, MLB, NHL in Portland.",1,
566,"Portland Trail Blazers",portland-trailblazers-nba-team,427,"Trail Blazers",1,
132,"Portland Trail Blazers (NBA)",portland-trail-blazers,23,"Portland Trail Blazers rings and other merchandise",1,
383,"Randy Johnson (MLB)",randy-johnson-world-series-championship-rings,29,"Own Randy Johnson’s World Series Championship Ring with the Arizona Diamondbacks",1,https://youbethechamp.com.au/wp-content/uploads/2026/02/IMG_8556.jpeg
385,"Rickey Henderson (MLB)",rickey-henderson-world-series-championship-rings,29,"Own 1 or both of Rickey Henderson’s World Series Championship Rings with the Oakland A's and Toronto Blue Jays",3,https://youbethechamp.com.au/wp-content/uploads/2026/02/IMG_8559.jpeg
306,"Roger Clemens (MLB)",roger-clemens-world-series-championship-ring,29,"Own 1 or both of  Roger Clemen's championship ring, playing with the New York Yankees,. ",2,https://youbethechamp.com.au/wp-content/uploads/2026/02/IMG_8560.jpeg
443,"Roger Staubach (NFL)",roger-staubach-superbowl-championship-rings,29,"Own 1 or both of Roger Staubach's Superbowl Championship Ring with the Dallas Cowboys",3,https://youbethechamp.com.au/wp-content/uploads/2026/02/IMG_8561.jpeg
570,"Sacramento Kings",sacramento-kings-nba-team,428,Kings,1,
134,"Sacramento Kings (NBA)",sacramento-kings,23,"Sacramenton Kings rings and other merchandise",1,
253,"Sacramento Pro Teams",sacramento-professional-sports-teams,82,"Championship rings from all the pro teams from NFL, NBA, MLB, NHL in Sacramento.",1,
257,"San Antonio Pro Teams",san-antonio-professional-sports-teams,82,"Championship rings from all the pro teams from NFL, NBA, MLB, NHL in San Antonio.",8,
578,"San Antonio Spurs",san-antonio-spurs-nba-team,429,Spurs,8,
135,"San Antonio Spurs (NBA)",san-antonio-spurs,23,"San Antonio Spurs rings and other merchandise",8,
513,"San Diego Padres",san-diego-padres-mlb-team,414,Padres,0,
136,"San Diego Padres (MLB)",san-diego-padres,23,"San Diego Padres rings and other merchandise",0,
246,"San Diego Pro Teams",san-diego-professional-sports-teams,82,"Championship rings from all the pro teams from NFL, NBA, MLB, NHL in San Diego.",0,
486,"San Fransisco 49ers",san-fransisco-49ers-nfl-team,419,49ers,7,
137,"San Fransisco 49ers (NFL)",san-fransisco-49ers,23,"San Fransisco 49ers rings and other merchandise",7,
516,"San Fransisco Giants",san-fransisco-mlb-team,414,Giants,9,
141,"San Fransisco Giants (MLB)",san-fransisco-giants,23,"San Fransisco Giants rings and other merchandise",9,
168,"San Fransisco Pro Teams",san-fransisco-pro-sports-teams,82,"Championship rings from all the pro teams from NFL, NBA, MLB, NHL in San Fransisco. ",24,
260,"San Jose Pro Teams",san-jose-professional-sports-teams,82,"Championship rings from all the pro teams from NFL, NBA, MLB, NHL in San Jose.",0,
543,"San Jose Sharks",san-jos-sharks-nhl-team,433,Sharks,0,
143,"San Jose Sharks (NHL)",san-jose-sharks,23,"San Jose Sharks rings and other merchandise",0,
400,"Scottie Pippen (NBA)",scottie-pippen-nba-finals-championship-rings,29,"Own 1 or all 6 of Scottie Pippen's NBA Finals Championship Rings with the Chicago Bulls",7,https://youbethechamp.com.au/wp-content/uploads/2026/02/IMG_8562.jpeg
542,"Seattle Kraken",seattle-kraken-nhl-team,433,Kraken,0,
147,"Seattle Kraken (NHL)",seattle-kraken,23,"Seattle Kraken rings and other merchandise",0,
501,"Seattle Mariners",seattle-mariners-mlb-team,411,Mariners,0,
144,"Seattle Mariners (MLB)",seattle-mariners,23,"Seattle Mariners rings and other merchandise",0,
174,"Seattle Pro Teams",seattle-professional-sports-teams,82,"Championship rings from all the pro teams from NFL, NBA, MLB, NHL in Seattle.",3,
485,"Seattle Seahawks",seattle-seahawks-nfl-team,419,Seahawks,2,
145,"Seattle Seahawks (NFL)",seattle-seahawks,23,"Seattle Seahawks rings and other merchandise",2,
146,"Seattle Supersonics (NBA)",seattle-supersonics,23,"Seattle Supersonics rings and other merchandise",1,
237,"Shaq O'Neal (NBA)",shaq-nba-finals-championship-rings,29,"Own 1 or all 4 of Shaq’s NBA Finals Championship Rings with the Los Angeles Lakers and Miami Heat",8,https://youbethechamp.com.au/wp-content/uploads/2026/02/IMG_8563.jpeg
239,"Sidney Crosby (NHL)",sidney-crosby-stanley-cup-championship-rings,29,"Own 1 or all 3 of Sidney Crosby's Stanley Cup Championship Rings with the Pittsburgh Penguins",5,https://youbethechamp.com.au/wp-content/uploads/2026/02/IMG_8564.jpeg
579,"Special Release Champion Players Rings",special-release-players-rings,0,"Special release non championship rings from the NBA, MLB, NFL &amp; NHL released for legendary achievements by the biggest LEGENDS of the game,  including;
Hall of Fame Inductions
Championships Won
Winning Multipul MVP Awards
Years of Service
Player Tribute Rings",12,
539,"St Louis Blues",st-louis-blues-nhl-team,432,Blues,1,
148,"St Louis Blues (NHL)",st-louis-blues,23,"St Louis Blues rings and other merchandise",0,
505,"St Louis Cardinals",st-louis-cardinals-mlb-team,415,Cardinals,11,
149,"St Louis Cardinals (MLB)",st-louis-cardinals,23,"St Louis Cardinals rings and other merchandise",11,
243,"St Louis Pro Teams",st-louis-professional-sports-teams,82,"Championship rings from all the pro teams from NFL, NBA, MLB, NHL in St Louis.",12,
28,"Stanley Cup Championship Rings",nhl-stanley-cup-championship-rings,473,"Every nhl national hockey league championship rings from every team",99,
41,"Steph Curry (NBA)",steph-curry-nba-finals-championship-rings,29,"Own 1 or all 4 of Steph Curry NBA Finals Championship Rings with the Golden State Warriors",6,https://youbethechamp.com.au/wp-content/uploads/2026/02/IMG_8565.jpeg
273,"Steve Bartman (MLB)",steve-bartman-world-series-championship-ring,29,"Own Steve Bartman’s World Series Championship Rings with the Chicago Cubs",2,https://youbethechamp.com.au/wp-content/uploads/2026/02/IMG_8566.jpeg
405,"Steve Young (NFL)",steve-young-superbowl-championship-rings,29,"Own 1 or both of Steve Young's Superbowl Championship Rings with the San Fransisco 49ers",3,https://youbethechamp.com.au/wp-content/uploads/2026/02/IMG_8567.jpeg
21,"Super Bowl Championship Rings",nfl-superbowl-championship-rings,473,"Every Superbowl Championship ring from every team",61,
482,"Tampa Bay Buccaneers",tampa-bay-buccaneers-nfl-team,478,Buccaneers,4,
150,"Tampa Bay Buccaneers (NFL)",tampa-bay-buccaneers,23,"Tampa Bay Buccaneers rings and other merchandise",4,
522,"Tampa Bay Lightning",tampa-bay-lightning-nhl-team,430,Lightning,4,
152,"Tampa Bay Lightning (NHL)",tampa-bay-lightning,23,"Tampa Bay Lightning rings and other merchandise",4,
241,"Tampa Bay Pro Teams",tampa-bay-professional-sports-teams,82,"Championship rings from all the pro teams from NFL, NBA, MLB, NHL in Tampa Bay.",8,
494,"Tampa Bay Rays",tampa-bay-rays-mlb-team,413,Rays,1,
151,"Tampa Bay Rays (MLB)",tampa-bay-rays,23,"Tampa Bay Rays rings and other merchandise",0,
23,Teams,all-teams-nfl-nba-mlb-nhl,0,"Every Team In all pro Leagues",451,
455,"Tennessee Titans",tennessee-titans-nfl-team,421,Tennessee,0,
153,"Tennessee Titans (NFL)",tennessee-titans,23,"Tennessee Titans rings and other merchandise",0,
295,"Terry Bradshaw (NFL)",terry-bradshaw-superbowl-championship-rings,29,"Own 1 or all 4 of Terry Bradshaw’s Superbowl Championship Rings with the Pittsburgh Steelers",6,https://youbethechamp.com.au/wp-content/uploads/2026/02/IMG_8568.jpeg
498,"Texas Rangers",texas-rangers-mlb-team,411,Rangers,2,
301,"Texas Rangers (MLB)",texas-rangers,23,"Texas Rangers rings and other merchandise",1,
236,"Tim Duncan (NBA)",tim-duncan-nba-finals-championship-rings,29,"Own 1 or all 5 of Time Duncan’s NBA Finals Championship Rings with the San Antonio Spurs",8,https://youbethechamp.com.au/wp-content/uploads/2026/02/IMG_8569.jpeg
30,"Tom Brady (NFL)",tom-brady-superbowl-championship-rings,29,"Own 1 or all 7 of Tom Bradys Superbowl Championship Rings with the New England Patriots and Tampa Bay Buccaneers",10,https://youbethechamp.com.au/wp-content/uploads/2026/02/IMG_8570.jpeg
495,"Toronto Blue Jays",toronto-blue-jays-mlb-team,413,"Blue Jays",3,
154,"Toronto Blue Jays (MLB)",toronto-blue-jays,23,"Toronto Blue Jays rings and other merchandise",3,
521,"Toronto Maple Leafs",toronto-maple-leafs-nhl-team,430,"Maple Leafs",13,
155,"Toronto Maple Leafs (NHL)",toronto-maple-leafs,23,"Toronto Maple Leaves rings and other merchandise",12,
181,"Toronto Pro Teams",toronto-professional-sports-teams,82,"Championship rings from all the pro teams from NFL, NBA, MLB, NHL in Toronto.",16,
553,"Toronto Raptors",toronto-raptors-nba-team,424,Raptors,1,
156,"Toronto Raptors (NBA)",toronto-raptors,23,"Toronto Raptors rings and other merchandise",1,
370,"Troy Aikman (NFL)",troy-aikman-superbowl-championship-rings,29,"Own 1 or all 3 of Troy Aikman's Superbowl Championship Rings with the Dallas Cowboys",5,https://youbethechamp.com.au/wp-content/uploads/2026/02/IMG_8572.jpeg
565,"Utah Jazz",utah-jazz-nba-team,427,Jazz,0,
157,"Utah Jazz (NBA)",utah-jazz,23,"Utah Jazz rings and other merchandise",0,
534,"Utah Mammoth",utah-mammoth-nhl-team,432,Mammoth,0,
158,"Utah Mammoth (NHL)",utah-mammoth,23,"Utah Mammoth rings and other merchandise",0,
242,"Utah Pro Teams",salt-lake-city-professional-sports-teams,82,"Championship rings from all the pro teams from NFL, NBA, MLB, NHL in Utah.",0,
546,"Vancouver Canucks",vancouver-canucks-nhl-team,433,Canucks,0,
159,"Vancouver Canucks (NHL)",vancouver-canucks,23,"Vancouver Canucks rings and other merchandise",0,
251,"Vancouver Pro Teams",vancouver-professional-sports-teams,82,"Championship rings from all the pro teams from NFL, NBA, MLB, NHL in Vancouver.",0,
160,"Washington Bullets (NBA)",washington-bullets,23,"Washington Bullets rings and other merchandise",1,
526,"Washington Capitals",washington-capitals-nhl-team,431,Capitals,1,
161,"Washington Capitals (NHL)",washington-capitals,23,"Washington Capitals rings and other merchandise",1,
470,"Washington Commanders (Redskins)",washington-commanders-nfl-team,418,redskins,4,
508,"Washington Nationals",washington-nationals-mlb-team,416,Nationals,2,
300,"Washington Nationals (MLB)",washington-nationals-mlb,23,"Washington Nationals rings and other merchandise",2,
182,"Washington Pro Teams",washington-professional-sports-teams,82,"Championship rings from all the pro teams from NFL, NBA, MLB, NHL in Washington DC.",8,
162,"Washington Redskins/Commanders (NFL)",washington-commanders,23,"Washington Commanders rings and other merchandise",4,
562,"Washington Wizards",washington-wizards-nba-team,426,Wizards,1,
163,"Washington Wizards (NBA)",washington-wizards,23,"Washington Wizards rings and other merchandise",0,
32,"Wayne Gretzsky (NHL)",wayne-gretzsky-stanley-cup-championship-rings,29,"Own 1 or all 4 of Wayne Gretzsky's Stanley Cup Championship Rings with the Edmonton Oilers",6,https://youbethechamp.com.au/wp-content/uploads/2026/02/IMG_8505.jpeg
432,"WC Central",nhl-western-conference-central,26,"Everything Minnesota Wild, Dallas Stars, Chicago Blackhawks, Nashville Predators, Utah Mammoth, Winnipeg Jets, St Louis Blues, Colorado Avalanche",13,
427,"WC Northwest",nba-western-conference-northwest,24,"Everything Denver Nuggets, Oklahoma City Thunder, Minnesota Timberwolves, Portland Trailblazers, Utah Jazz",3,
428,"WC Pacific",nba-western-conference-pacific,24,"Everything Los Angeles Lakers, Phoenix Suns, Los Angeles Clippers, Sacramento Kings, Golden State Warriors",36,
433,"WC Pacific",nhl-western-conference-pacific,26,"Everything Calgary Flames, Edmonton Oilers, Anaheim Ducks, Vancouver Canucks, Las Vegas Golden Knights, Los Angeles Kings, Seattle Kraken, San Jose Sharks",13,
429,"WC Southwest",nba-western-conference-southwest,24,"Everything San Antonio Spurs, Houston Rockets, Dallas Mavericks, Memphis Grizzlies, New Orleans Pelicans",14,
382,"Willie Mays (MLB)",willie-mays-world-series-championship-rings,29,"Own Willie Mays’s World Series Championship Rings with New York Giants",1,https://youbethechamp.com.au/wp-content/uploads/2026/02/IMG_8573.jpeg
398,"Wilt Chamberlain (NBA)",wilt-chamberlain-nba-finals-championship-rings,29,"Own 1 or both of Wilt Chamberlain’s NBA Finals Championship Rings with the Los Angeles Lakers",2,https://youbethechamp.com.au/wp-content/uploads/2026/02/IMG_8574.jpeg
537,"Winnipeg Jets",winnipeg-jets-nhl-team,432,Jets,0,
164,"Winnipeg Jets (NHL)",winnipeg-jets,23,"Winnipeg Jets rings and other merchandise",0,
270,"Winnipeg Pro Teams",winnipeg-professional-sports-teams,82,"Championship rings from all the pro teams from NFL, NBA, MLB, NHL in Winnipeg.",0,
22,"World Series Championship Rings",mlb-world-series-championship-rings,473,"Every major league baseball world series ring from every team",119,
82,"Your City",each-city-set-of-championship-rings,0,"Your home team? We have package deals so you can get your cities rings from the NFL, NBA, MLB &amp; NHL",452,
371,"Your Year Gift Box",year-gift-box-nfl-nba-mlb-nhl,0,"Celebrate a special year; sentimental to your husband, wife, child, parent, friend or any sports lover. Our yearly gift box sets celebrate a particular year. Featuring an equisite gift box with the Champions from the NFL, NBA, MLB and NHL and a feature year in review.

An absolute must gift box for any sports lover.",60,
